Time (s),Accel X,Accel Y,Accel Z,Gyro X ,Gyro Y ,Gyro Z
0,0,0,9.81,0,0,1.0525
0.01,0,0,9.81,0,0,1.0525
0.02,0,0,9.81,0,0,1.0525
0.03,0,0,9.81,0,0,1.0525
0.04,0,0,9.81,0,0,1.0525
0.05,0,0,9.81,0,0,1.0525
0.06,0,0,9.81,1.40E-15,-6.66E-14,1.0525
0.07,0,0,9.81,-3.50E-16,-6.46E-18,1.0525
0.08,0,0,9.81,-1.05E-15,6.66E-14,1.0525
0.09,0,0,9.81,0,0,1.0525
0.1,0,0,9.81,0,0,1.0525
0.11,0,0,9.81,0,0,1.0525
0.12,0,0,9.81,0,0,1.0525
0.13,0,0,9.81,-1.05E-15,-6.66E-14,1.0525
0.14,0,0,9.81,-3.50E-16,6.46E-18,1.0525
0.15,0,0,9.81,1.40E-15,6.66E-14,1.0525
0.16,0,0,9.81,0,0,1.0525
0.17,0,0,9.81,0,0,1.0525
0.18,0,0,9.81,0,0,1.0525
0.19,0,0,9.81,0,0,1.0525
0.2,0,0,9.81,0,0,1.0525
0.21,0,0,9.81,-3.85E-15,-6.65E-14,1.0525
0.22,0,0,9.81,3.85E-15,6.65E-14,1.0525
0.23,0,0,9.81,0,0,1.0525
0.24,0,0,9.81,0,0,1.0525
0.25,0,0,9.81,0,0,1.0525
0.26,0,0,9.81,0,0,1.0525
0.27,0,0,9.81,0,0,1.0525
0.28,0,0,9.81,0,0,1.0525
0.29,0,0,9.81,0,0,1.0525
0.3,0,0,9.81,0,0,1.0525
0.31,0,0,9.81,0,0,1.0525
0.32,0,0,9.81,0,0,1.0525
0.33,0,0,9.81,0,0,1.0525
0.34,0,0,9.81,0,0,1.0525
0.35,0,0,9.81,0,0,1.0525
0.36,0,0,9.81,0,0,1.0525
0.37,0,0,9.81,0,0,1.0525
0.38,0,0,9.81,0,0,1.0525
0.39,0,0,9.81,0,0,1.0525
0.4,0,0,9.81,0,0,1.0525
0.41,0,0,9.81,0,0,1.0525
0.42,0,0,9.81,0,0,1.0525
0.43,0,0,9.81,0,0,1.0525
0.44,0,0,9.81,-1.19E-14,-6.56E-14,1.0525
0.45,0,0,9.81,1.19E-14,6.56E-14,1.0525
0.46,0,0,9.81,-1.25E-14,-6.54E-14,1.0525
0.47,0,0,9.81,1.25E-14,6.54E-14,1.0525
0.48,0,0,9.81,0,0,1.0525
0.49,0,0,9.81,0,0,1.0525
0.5,0,0,9.81,-1.39E-14,-6.51E-14,1.0525
0.51,0,0,9.81,1.39E-14,6.51E-14,1.0525
0.52,0,0,9.81,-1.46E-14,-6.50E-14,1.0525
0.53,0,0,9.81,1.46E-14,6.50E-14,1.0525
0.54,0,0,9.81,0,0,1.0525
0.55,0,0,9.81,0,0,1.0525
0.56,0,0,9.81,0,0,1.0525
0.57,0,0,9.81,-1.63E-14,-6.46E-14,1.0525
0.58,0,0,9.81,-3.40E-16,8.67E-17,1.0525
0.59,0,0,9.81,-3.39E-16,8.85E-17,1.0525
0.6,0,0,9.81,1.70E-14,6.44E-14,1.0525
0.61,0,0,9.81,0,0,1.0525
0.62,0,0,9.81,0,0,1.0525
0.63,0,0,9.81,0,0,1.0525
0.64,0,0,9.81,0,0,1.0525
0.65,0,0,9.81,-1.90E-14,-6.38E-14,1.0525
0.66,0,0,9.81,-3.36E-16,1.01E-16,1.0525
0.67,0,0,9.81,1.93E-14,6.37E-14,1.0525
0.68,0,0,9.81,0,0,1.0525
0.69,0,0,9.81,0,0,1.0525
0.7,0,0,9.81,-2.07E-14,-6.33E-14,1.0525
0.71,0,0,9.81,-3.33E-16,1.10E-16,1.0525
0.72,0,0,9.81,2.10E-14,6.32E-14,1.0525
0.73,0,0,9.81,0,0,1.0525
0.74,0,0,9.81,0,0,1.0525
0.75,0,0,9.81,0,0,1.0525
0.76,0,0,9.81,0,0,1.0525
0.77,0,0,9.81,0,0,1.0525
0.78,0,0,9.81,0,0,1.0525
0.79,0,0,9.81,0,0,1.0525
0.8,0,0,9.81,0,0,1.0525
0.81,0,0,9.81,0,0,1.0525
0.82,0,0,9.81,0,0,1.0525
0.83,0,0,9.81,0,0,1.0525
0.84,0,0,9.81,0,0,1.0525
0.85,0,0,9.81,0,0,1.0525
0.86,0,0,9.81,0,0,1.0525
0.87,0,0,9.81,0,0,1.0525
0.88,0,0,9.81,-8.86E-15,-2.04E-14,1.0525
0.89,0,0,9.81,-1.07E-16,4.69E-17,1.0525
0.9,0,0,9.81,8.97E-15,2.03E-14,1.0525
0.91,0,0,9.81,0,0,1.0525
0.92,0,0,9.81,0,0,1.0525
0.93,0,0,9.81,0,0,1.0525
0.94,0,0,9.81,-9.50E-15,-2.01E-14,1.0525
0.95,0,0,9.81,9.50E-15,2.01E-14,1.0525
0.96,0,0,9.81,0,0,1.0525
0.97,0,0,9.81,-9.81E-15,-1.99E-14,1.0525
0.98,0,0,9.81,9.81E-15,1.99E-14,1.0525
0.99,0,0,9.81,0,0,1.0525
1,0,0,9.81,0,0,1.0525
1.01,0,0,9.81,0,0,1.0525
1.02,0,0,9.81,0,0,1.0525
1.03,0,0,9.81,0,0,1.0525
1.04,0,0,9.81,0,0,1.0525
1.05,0,0,9.81,0,0,1.0525
1.06,0,0,9.81,-1.07E-14,-1.94E-14,1.0525
1.07,0,0,9.81,1.07E-14,1.94E-14,1.0525
1.08,0,0,9.81,0,0,1.0525
1.09,0,0,9.81,0,0,1.0525
1.1,0,0,9.81,0,0,1.0525
1.11,0,0,9.81,0,0,1.0525
1.12,0,0,9.81,0,0,1.0525
1.13,0,0,9.81,0,0,1.0525
1.14,0,0,9.81,0,0,1.0525
1.15,0,0,9.81,0,0,1.0525
1.16,0,0,9.81,0,0,1.0525
1.17,0,0,9.81,0,0,1.0525
1.18,0,0,9.81,0,0,1.0525
1.19,0,0,9.81,-1.20E-14,-1.87E-14,1.0525
1.2,0,0,9.81,1.20E-14,1.87E-14,1.0525
1.21,0,0,9.81,0,0,1.0525
1.22,0,0,9.81,0,0,1.0525
1.23,0,0,9.81,0,0,1.0525
1.24,0,0,9.81,0,0,1.0525
1.25,0,0,9.81,0,0,1.0525
1.26,0,0,9.81,0,0,1.0525
1.27,0,0,9.81,0,0,1.0525
1.28,0,0,9.81,0,0,1.0525
1.29,0,0,9.81,0,0,1.0525
1.3,0,0,9.81,0,0,1.0525
1.31,0,0,9.81,0,0,1.0525
1.32,0,0,9.81,0,0,1.0525
1.33,0,0,9.81,-1.34E-14,-1.77E-14,1.0525
1.34,0,0,9.81,1.34E-14,1.77E-14,1.0525
1.35,0,0,9.81,0,0,1.0525
1.36,0,0,9.81,0,0,1.0525
1.37,0,0,9.81,-1.38E-14,-1.74E-14,1.0525
1.38,0,0,9.81,1.38E-14,1.74E-14,1.0525
1.39,0,0,9.81,-1.39E-14,-1.73E-14,1.0525
1.4,0,0,9.81,1.39E-14,1.73E-14,1.0525
1.41,0,0,9.81,-1.41E-14,-1.71E-14,1.0525
1.42,0,0,9.81,1.41E-14,1.71E-14,1.0525
1.43,0,0,9.81,0,0,1.0525
1.44,0,0,9.81,0,0,1.0525
1.45,0,0,9.81,-1.45E-14,-1.68E-14,1.0525
1.46,0,0,9.81,1.45E-14,1.68E-14,1.0525
1.47,0,0,9.81,0,0,1.0525
1.48,0,0,9.81,0,0,1.0525
1.49,0,0,9.81,0,0,1.0525
1.5,0,0,9.81,0,0,1.0525
1.51,0,0,9.81,0,0,1.0525
1.52,0,0,9.81,0,0,1.0525
1.53,0,0,9.81,-1.52E-14,-1.62E-14,1.0525
1.54,0,0,9.81,1.52E-14,1.62E-14,1.0525
1.55,0,0,9.81,0,0,1.0525
1.56,0,0,9.81,0,0,1.0525
1.57,0,0,9.81,0,0,1.0525
1.58,0,0,9.81,0,0,1.0525
1.59,0,0,9.81,0,0,1.0525
1.6,0,0,9.81,0,0,1.0525
1.61,0,0,9.81,0,0,1.0525
1.62,0,0,9.81,0,0,1.0525
1.63,0,0,9.81,0,0,1.0525
1.64,0,0,9.81,0,0,1.0525
1.65,0,0,9.81,0,0,1.0525
1.66,0,0,9.81,0,0,1.0525
1.67,0,0,9.81,0,0,1.0525
1.68,0,0,9.81,0,0,1.0525
1.69,0,0,9.81,0,0,1.0525
1.7,0,0,9.81,0,0,1.0525
1.71,0,0,9.81,0,0,1.0525
1.72,0,0,9.81,0,0,1.0525
1.73,0,0,9.81,0,0,1.0525
1.74,0,0,9.81,0,0,1.0525
1.75,0,0,9.81,0,0,1.0525
1.76,0,0,9.81,0,0,1.0525
1.77,0,0,9.81,0,0,1.0525
1.78,0,0,9.81,0,0,1.0525
1.79,0,0,9.81,0,0,1.0025
1.8,0,0,9.81,-0.0076447,0.049787,0.95243
1.81,0,0,9.81,-0.014493,0.099709,0.90229
1.82,0,0,9.81,-0.02054,0.14974,0.85211
1.83,0,0,9.81,-0.025785,0.19987,0.80191
1.84,0,0,9.81,-0.030226,0.25007,0.7517
1.85,0,0,9.81,-0.033861,0.30034,0.70151
1.86,0,0,9.81,-0.03669,0.35068,0.65133
1.87,0,0,9.81,-0.038714,0.40106,0.60118
1.88,0,0,9.81,-0.039931,0.4515,0.55104
1.89,0,0,9.81,-0.040341,0.50199,0.50092
1.9,0,0,9.81,-0.039946,0.55252,0.45082
1.91,0,0,9.81,-0.038743,0.60309,0.40072
1.92,0,0,9.81,-0.036733,0.65369,0.35063
1.93,0,0,9.81,-0.033914,0.70432,0.30054
1.94,0,0,9.81,-0.030287,0.75495,0.25045
1.95,0,0,9.81,-0.02585,0.80559,0.20035
1.96,0,0,9.81,-0.020603,0.85619,0.15025
1.97,0,0,9.81,-0.014545,0.90675,0.10015
1.98,0,0,9.81,-0.0076773,0.95721,0.05006
1.99,0,0,9.81,-3.11E-15,1.0076,-6.67E-14
2,0,0,9.81,-4.27E-15,1.0578,6.74E-14
2.01,-0.10377,-8.51E-18,9.8095,6.79E-15,1.0578,-1.20E-14
2.02,-0.20752,0,9.8078,-8.27E-15,1.0578,2.32E-14
2.03,-0.31125,0,9.8051,9.69E-15,1.0578,-2.35E-14
2.04,-0.41495,-3.40E-17,9.8012,-1.08E-14,1.0578,-2.12E-14
2.05,-0.5186,0,9.7963,1.35E-14,1.0578,9.59E-15
2.06,-0.62219,3.40E-17,9.7902,1.58E-15,1.0578,4.44E-14
2.07,-0.72571,0,9.7831,8.57E-15,1.0578,-4.56E-14
2.08,-0.82915,-6.81E-17,9.7749,-1.83E-14,1.0578,1.32E-14
2.09,-0.9325,0,9.7656,1.29E-14,1.0578,-3.50E-14
2.1,-1.0357,0,9.7552,-7.24E-15,1.0578,3.44E-14
2.11,-1.1389,6.81E-17,9.7437,1.60E-14,1.0578,-4.64E-14
2.12,-1.2419,6.81E-17,9.7311,-2.55E-14,1.0578,4.76E-14
2.13,-1.3447,0,9.7174,-5.57E-15,1.0578,-2.19E-14
2.14,-1.4474,0,9.7026,1.60E-15,1.0578,5.55E-14
2.15,-1.55,-1.36E-16,9.6868,1.45E-14,1.0578,-7.99E-14
2.16,-1.6524,-1.36E-16,9.6698,1.69E-14,1.0578,-1.30E-14
2.17,-1.7546,0,9.6518,-3.54E-14,1.0578,8.22E-14
2.18,-1.8566,0,9.6327,2.11E-14,1.0578,-5.83E-14
2.19,-1.9583,0,9.6125,-1.97E-14,1.0578,-5.37E-14
2.2,-2.0599,1.36E-16,9.5913,1.19E-14,1.0578,5.45E-14
2.21,-2.1612,1.36E-16,9.569,1.10E-14,1.0578,-1.16E-15
2.22,-2.2623,0,9.5456,-1.76E-14,1.0578,-3.15E-14
2.23,-2.3632,0,9.5211,1.10E-14,1.0578,7.69E-14
2.24,-2.4638,0,9.4956,-2.04E-14,1.0578,-3.13E-14
2.25,-2.5641,0,9.469,-1.94E-15,1.0578,1.12E-14
2.26,-2.6641,0,9.4413,-4.77E-15,1.0578,1.14E-14
2.27,-2.7638,1.36E-16,9.4126,3.39E-14,1.0578,-7.09E-14
2.28,-2.8632,0,9.3829,-1.35E-14,1.0578,7.98E-14
2.29,-2.9623,-2.72E-16,9.3521,-1.12E-14,1.0578,-2.12E-14
2.3,-3.061,0,9.3202,2.79E-14,1.0578,-2.53E-14
2.31,-3.1595,0,9.2873,-7.01E-15,1.0578,1.21E-14
2.32,-3.2575,0,9.2534,6.98E-15,1.0578,-1.18E-14
2.33,-3.3552,0,9.2184,-8.01E-15,1.0578,1.05E-15
2.34,-3.4525,0,9.1824,-8.22E-15,1.0578,1.01E-15
2.35,-3.5495,-2.72E-16,9.1453,7.78E-16,1.0578,3.34E-14
2.36,-3.646,0,9.1073,2.11E-15,1.0578,2.21E-14
2.37,-3.7421,2.72E-16,9.0682,6.74E-15,1.0578,-1.19E-14
2.38,-3.8378,2.72E-16,9.0281,-3.32E-14,1.0578,-1.87E-14
2.39,-3.9331,2.72E-16,8.987,2.67E-15,1.0578,-5.10E-16
2.4,-4.028,0,8.9449,2.48E-14,1.0578,-2.85E-15
2.41,-4.1224,0,8.9018,-7.50E-15,1.0578,-4.38E-14
2.42,-4.2163,0,8.8577,1.73E-15,1.0578,6.69E-14
2.43,-4.3097,2.72E-16,8.8126,8.12E-15,1.0578,-7.89E-14
2.44,-4.4027,0,8.7665,-1.57E-14,1.0578,5.78E-14
2.45,-4.4952,0,8.7195,-7.67E-15,1.0578,-4.38E-14
2.46,-4.5872,0,8.6714,-5.42E-15,1.0578,2.30E-14
2.47,-4.6786,0,8.6224,-9.71E-15,1.0578,-1.03E-14
2.48,-4.7696,0,8.5725,1.11E-14,1.0578,-1.38E-15
2.49,-4.86,2.72E-16,8.5215,-8.81E-15,1.0578,2.32E-14
2.5,-4.9499,-2.72E-16,8.4696,1.29E-14,1.0578,-3.50E-14
2.51,-5.0392,0,8.4168,8.40E-17,1.0578,7.88E-18
2.52,-5.1279,-2.72E-16,8.363,-1.19E-15,1.0578,-1.10E-14
2.53,-5.2161,0,8.3083,-2.50E-14,1.0578,2.51E-14
2.54,-5.3037,0,8.2527,2.34E-14,1.0578,8.39E-15
2.55,-5.3907,-2.72E-16,8.1961,7.78E-15,1.0578,2.15E-14
2.56,-5.4771,0,8.1387,-2.78E-15,1.0578,-2.20E-14
2.57,-5.5629,-2.72E-16,8.0803,9.93E-15,1.0578,-1.21E-14
2.58,-5.648,-2.72E-16,8.021,-5.48E-15,1.0578,6.97E-16
2.59,-5.7325,0,7.9608,1.29E-15,1.0578,1.11E-14
2.6,-5.8164,0,7.8997,4.20E-15,1.0578,-1.17E-14
2.61,-5.8997,0,7.8377,1.18E-15,1.0578,1.10E-14
2.62,-5.9822,0,7.7749,-3.61E-15,1.0578,-3.31E-14
2.63,-6.0641,-5.45E-16,7.7112,2.23E-14,1.0578,-2.38E-15
2.64,-6.1454,-5.45E-16,7.6466,-3.45E-14,1.0578,-7.36E-15
2.65,-6.2259,0,7.5812,1.11E-14,1.0578,-1.27E-15
2.66,-6.3057,0,7.5149,-1.78E-14,1.0578,-9.38E-15
2.67,-6.3849,-5.45E-16,7.4478,5.60E-15,1.0578,-7.82E-16
2.68,-6.4633,-5.45E-16,7.3798,1.01E-14,1.0578,4.34E-14
2.69,-6.541,-5.45E-16,7.311,-8.46E-15,1.0578,-2.15E-14
2.7,-6.618,-5.45E-16,7.2414,2.52E-14,1.0578,-2.50E-14
2.71,-6.6942,-5.45E-16,7.171,-4.02E-14,1.0578,3.79E-14
2.72,-6.7697,-1.09E-15,7.0998,6.52E-15,1.0578,1.03E-14
2.73,-6.8444,0,7.0278,1.28E-14,1.0578,-3.51E-14
2.74,-6.9183,0,6.955,2.22E-14,1.0578,-2.50E-15
2.75,-6.9915,-5.45E-16,6.8815,-2.76E-14,1.0578,3.13E-15
2.76,-7.0639,0,6.8071,3.19E-14,1.0578,-1.47E-14
2.77,-7.1355,0,6.732,9.90E-15,1.0578,-1.20E-14
2.78,-7.2063,5.45E-16,6.6562,-2.17E-14,1.0578,2.65E-15
2.79,-7.2763,0,6.5796,-1.42E-14,1.0076,2.38E-14
2.8,-7.3455,-5.45E-16,6.5022,0.050289,0.95724,-0.0077614
2.81,-7.4139,0,6.4242,0.10072,0.90685,-0.014714
2.82,-7.4814,0,6.3454,0.15126,0.85641,-0.020854
2.83,-7.5481,0,6.2659,0.20189,0.80596,-0.026179
2.84,-7.614,0,6.1857,0.2526,0.7555,-0.030688
2.85,-7.679,0,6.1048,0.30339,0.70505,-0.034378
2.86,-7.7431,-5.45E-16,6.0233,0.35423,0.65462,-0.037251
2.87,-7.8064,-5.45E-16,5.941,0.40514,0.60421,-0.039305
2.88,-7.8688,0,5.8581,0.45609,0.55382,-0.040541
2.89,-7.9304,0,5.7746,0.50709,0.50345,-0.040958
2.9,-7.991,0,5.6904,0.55814,0.45309,-0.040557
2.91,-8.0507,0,5.6055,0.60923,0.40274,-0.039335
2.92,-8.1096,-5.45E-16,5.52,0.66035,0.3524,-0.037294
2.93,-8.1675,0,5.434,0.7115,0.30206,-0.034433
2.94,-8.2245,0,5.3473,0.76265,0.25171,-0.03075
2.95,-8.2806,0,5.26,0.8138,0.20136,-0.026246
2.96,-8.3358,-5.45E-16,5.1721,0.86493,0.151,-0.020918
2.97,-8.39,0,5.0836,0.916,0.10065,-0.014768
2.98,-8.4434,-5.45E-16,4.9946,0.96698,0.050312,-0.0077948
2.99,-8.4957,-5.45E-16,4.905,1.0178,-4.75E-14,2.85E-14
3,-8.4957,-5.45E-16,4.905,1.0686,2.47E-14,-1.96E-14
3.01,-8.4957,0.052412,4.9047,1.0686,4.65E-14,-1.75E-14
3.02,-8.4957,0.10482,4.9039,1.0686,-8.46E-14,5.71E-14
3.03,-8.4957,0.15721,4.9025,1.0686,5.66E-14,-5.00E-15
3.04,-8.4957,0.20959,4.9005,1.0686,-3.41E-14,7.05E-15
3.05,-8.4957,0.26194,4.898,1.0686,-2.32E-14,8.60E-15
3.06,-8.4957,0.31426,4.8949,1.0686,3.42E-14,-7.11E-15
3.07,-8.4957,0.36655,4.8913,1.0686,-5.63E-14,5.16E-15
3.08,-8.4957,0.4188,4.8871,1.0686,-3.06E-14,-2.54E-14
3.09,-8.4957,0.47099,4.8823,1.0686,4.67E-14,-1.68E-14
3.1,-8.4957,0.52314,4.877,1.0686,1.11E-14,1.50E-15
3.11,-8.4957,0.57522,4.8712,1.0686,2.33E-14,-8.83E-15
3.12,-8.4957,0.62724,4.8647,1.0686,-3.44E-14,7.38E-15
3.13,-8.4957,0.67918,4.8577,1.0686,2.46E-14,-1.95E-14
3.14,-8.4957,0.73105,4.8502,1.0686,3.81E-14,-4.05E-14
3.15,-8.4957,0.78284,4.8421,1.0686,-1.37E-14,2.05E-14
3.16,-8.4957,0.83453,4.8335,1.0686,1.09E-14,9.44E-16
3.17,-8.4957,0.88613,4.8243,1.0686,-5.79E-14,1.60E-14
3.18,-8.4957,0.93763,4.8145,1.0686,2.10E-14,1.37E-14
3.19,-8.4957,0.98903,4.8043,1.0686,1.23E-14,-9.94E-15
3.2,-8.4957,1.0403,4.7934,1.0686,1.21E-15,-1.10E-14
3.21,-8.4957,1.0915,4.782,1.0686,1.54E-14,1.25E-14
3.22,-8.4957,1.1425,4.7701,1.0686,9.87E-15,1.21E-14
3.23,-8.4957,1.1934,4.7576,1.0686,-2.34E-14,8.72E-15
3.24,-8.4957,1.2442,4.7446,1.0686,8.17E-15,-2.15E-14
3.25,-8.4957,1.2948,4.731,1.0686,3.62E-15,-3.33E-14
3.26,-8.4957,1.3453,4.7169,1.0686,-1.72E-14,5.38E-14
3.27,-8.4957,1.3956,4.7023,1.0686,9.63E-15,-3.24E-14
3.28,-8.4957,1.4458,4.6871,1.0686,7.99E-15,-2.15E-14
3.29,-8.4957,1.4958,4.6714,1.0178,-1.04E-14,4.35E-14
3.3,-8.4957,1.5456,4.6551,0.96702,9.41E-15,-3.24E-14
3.31,-8.4957,1.5953,4.6383,0.91614,1.24E-14,-9.99E-15
3.32,-8.4957,1.6447,4.621,0.86522,1.11E-14,8.33E-16
3.33,-8.4957,1.694,4.6032,0.81428,-3.43E-14,7.49E-15
3.34,-8.4957,1.7431,4.5848,0.76333,4.51E-14,-6.77E-15
3.35,-8.4957,1.792,4.5659,0.71238,-2.66E-14,-1.40E-14
3.36,-8.4957,1.8407,4.5465,0.66144,-2.87E-14,8.49E-15
3.37,-8.4957,1.8892,4.5266,0.61051,2.87E-14,-8.63E-15
3.38,-8.4957,1.9374,4.5062,0.5596,3.62E-15,2.24E-14
3.39,-8.4957,1.9855,4.4852,0.5087,-1.66E-14,-1.39E-15
3.4,-8.4957,2.0333,4.4637,0.45781,-9.48E-15,-2.29E-14
3.41,-8.4957,2.0809,4.4417,0.40694,-2.30E-14,9.63E-15
3.42,-8.4957,2.1282,4.4193,0.35608,5.55E-15,3.89E-16
3.43,-8.4957,2.1753,4.3963,0.30522,5.17E-14,-3.06E-14
3.44,-8.4957,2.2222,4.3728,0.25436,-3.58E-14,5.38E-14
3.45,-8.4957,2.2688,4.3488,0.2035,-6.78E-15,3.31E-14
3.46,-8.4957,2.3151,4.3243,0.15264,1.25E-14,-4.41E-14
3.47,-8.4957,2.3612,4.2993,0.10176,-2.80E-14,1.05E-14
3.48,-8.4957,2.407,4.2738,0.050883,5.61E-14,-5.49E-14
3.49,-8.4957,2.4525,4.2479,0,0,0
3.5,-8.4957,2.4525,4.2479,0,0,0
3.51,-8.4957,2.4525,4.2479,0,0,0
3.52,-8.4957,2.4525,4.2479,0,0,0
3.53,-8.4957,2.4525,4.2479,0,0,0
3.54,-8.4957,2.4525,4.2479,0,0,0
3.55,-8.4957,2.4525,4.2479,0,0,0
3.56,-8.4957,2.4525,4.2479,0,0,0
3.57,-8.4957,2.4525,4.2479,0,0,0
3.58,-8.4957,2.4525,4.2479,0,0,0
3.59,-8.4957,2.4525,4.2479,0,0,0
3.6,-8.4957,2.4525,4.2479,0,0,0
3.61,-8.4957,2.4525,4.2479,0,0,0
3.62,-8.4957,2.4525,4.2479,0,0,0
3.63,-8.4957,2.4525,4.2479,0,0,0
3.64,-8.4957,2.4525,4.2479,0,0,0
3.65,-8.4957,2.4525,4.2479,0,0,0
3.66,-8.4957,2.4525,4.2479,0,0,0
3.67,-8.4957,2.4525,4.2479,0,0,0
3.68,-8.4957,2.4525,4.2479,0,0,0
3.69,-8.4957,2.4525,4.2479,0,0,0
3.7,-8.4957,2.4525,4.2479,0,0,0
3.71,-8.4957,2.4525,4.2479,0,0,0
3.72,-8.4957,2.4525,4.2479,0,0,0
3.73,-8.4957,2.4525,4.2479,0,0,0
3.74,-8.4957,2.4525,4.2479,0,0,0
3.75,-8.4957,2.4525,4.2479,0,0,0
3.76,-8.4957,2.4525,4.2479,0,0,0
3.77,-8.4957,2.4525,4.2479,0,0,0
3.78,-8.4957,2.4525,4.2479,0,0,0
3.79,-8.4957,2.4525,4.2479,0,0,0
3.8,-8.4957,2.4525,4.2479,0,0,0
3.81,-8.4957,2.4525,4.2479,0,0,0
3.82,-8.4957,2.4525,4.2479,0,0,0
3.83,-8.4957,2.4525,4.2479,0,0,0
3.84,-8.4957,2.4525,4.2479,0,0,0
3.85,-8.4957,2.4525,4.2479,0,0,0
3.86,-8.4957,2.4525,4.2479,0,0,0
3.87,-8.4957,2.4525,4.2479,0,0,0
3.88,-8.4957,2.4525,4.2479,0,0,0
3.89,-8.4957,2.4525,4.2479,0,0,0
3.9,-8.4957,2.4525,4.2479,0,0,0
3.91,-8.4957,2.4525,4.2479,0,0,0
3.92,-8.4957,2.4525,4.2479,0,0,0
3.93,-8.4957,2.4525,4.2479,0,0,0
3.94,-8.4957,2.4525,4.2479,0,0,0
3.95,-8.4957,2.4525,4.2479,0,0,0
3.96,-8.4957,2.4525,4.2479,0,0,0
3.97,-8.4957,2.4525,4.2479,0,0,0
3.98,-8.4957,2.4525,4.2479,0,0,0
3.99,-8.4957,2.4525,4.2479,0,0,0
4,-8.4957,2.4525,4.2479,0,0,0
4.01,-8.4957,2.4525,4.2479,0,0,0
4.02,-8.4957,2.4525,4.2479,0,0,0
4.03,-8.4957,2.4525,4.2479,0,0,0
4.04,-8.4957,2.4525,4.2479,0,0,0
4.05,-8.4957,2.4525,4.2479,0,0,0
4.06,-8.4957,2.4525,4.2479,0,0,0
4.07,-8.4957,2.4525,4.2479,0,0,0
4.08,-8.4957,2.4525,4.2479,0,0,0
4.09,-8.4957,2.4525,4.2479,0,0,0
4.1,-8.4957,2.4525,4.2479,0,0,0
4.11,-8.4957,2.4525,4.2479,0,0,0
4.12,-8.4957,2.4525,4.2479,0,0,0
4.13,-8.4957,2.4525,4.2479,0,0,0
4.14,-8.4957,2.4525,4.2479,0,0,0
4.15,-8.4957,2.4525,4.2479,0,0,0
4.16,-8.4957,2.4525,4.2479,0,0,0
4.17,-8.4957,2.4525,4.2479,0,0,0
4.18,-8.4957,2.4525,4.2479,0,0,0
4.19,-8.4957,2.4525,4.2479,0,0,0
4.2,-8.4957,2.4525,4.2479,0,0,0
4.21,-8.4957,2.4525,4.2479,0,0,0
4.22,-8.4957,2.4525,4.2479,0,0,0
4.23,-8.4957,2.4525,4.2479,0,0,0
4.24,-8.4957,2.4525,4.2479,0,0,0
4.25,-8.4957,2.4525,4.2479,0,0,0
4.26,-8.4957,2.4525,4.2479,0,0,0
4.27,-8.4957,2.4525,4.2479,0,0,0
4.28,-8.4957,2.4525,4.2479,0,0,0
4.29,-8.4957,2.4525,4.2479,0,0,0
4.3,-8.4957,2.4525,4.2479,-0.050883,-4.44E-14,4.44E-14
4.31,-8.4957,2.4525,4.2479,-0.10176,4.44E-14,-4.44E-14
4.32,-8.4957,2.4525,4.2479,-0.15264,-2.76E-14,5.56E-14
4.33,-8.4957,2.4525,4.2479,-0.2035,1.10E-14,-3.33E-14
4.34,-8.4957,2.4525,4.2479,-0.25436,-4.43E-14,1.13E-14
4.35,-8.4957,2.4525,4.2479,-0.30522,4.97E-14,-3.38E-14
4.36,-8.4957,2.4525,4.2479,-0.35608,-1.06E-14,4.46E-14
4.37,-8.4957,2.4525,4.2479,-0.40694,-2.24E-14,-1.08E-14
4.38,-8.4957,2.4525,4.2479,-0.45781,5.13E-15,-2.24E-14
4.39,-8.4957,2.4525,4.2479,-0.5087,-2.14E-14,3.38E-14
4.4,-8.4957,2.4525,4.2479,-0.5596,5.99E-14,-3.52E-14
4.41,-8.4957,2.4525,4.2479,-0.61051,-4.43E-14,1.67E-15
4.42,-8.4957,2.4525,4.2479,-0.66144,-2.68E-14,2.32E-14
4.43,-8.4957,2.4525,4.2479,-0.71238,4.93E-14,-1.37E-14
4.44,-8.4957,2.4525,4.2479,-0.76333,4.94E-15,-1.14E-14
4.45,-8.4957,2.4525,4.2479,-0.81428,2.23E-14,-1.22E-15
4.46,-8.4957,2.4525,4.2479,-0.86522,-5.91E-14,2.67E-14
4.47,-8.4957,2.4525,4.2479,-0.91614,9.44E-16,1.08E-14
4.48,-8.4957,2.4525,4.2479,-0.96702,1.65E-14,-1.72E-15
4.49,-8.4957,2.4525,4.2479,-1.0178,-3.86E-14,3.66E-15
4.5,-8.4957,2.4525,4.2479,-1.0686,2.08E-14,-1.39E-14
4.51,-8.4957,2.407,4.2738,-1.0686,2.89E-14,7.72E-15
4.52,-8.4957,2.3612,4.2993,-1.0686,3.51E-14,-3.71E-14
4.53,-8.4957,2.3151,4.3243,-1.0686,-4.05E-14,3.85E-14
4.54,-8.4957,2.2688,4.3488,-1.0686,-2.32E-14,-8.66E-15
4.55,-8.4957,2.2222,4.3728,-1.0686,7.04E-14,-1.87E-14
4.56,-8.4957,2.1753,4.3963,-1.0686,-7.04E-14,1.95E-14
4.57,-8.4957,2.1282,4.4193,-1.0686,-1.01E-14,1.23E-14
4.58,-8.4957,2.0809,4.4417,-1.0686,9.55E-15,-1.25E-14
4.59,-8.4957,2.0333,4.4637,-1.0686,1.14E-15,1.09E-14
4.6,-8.4957,1.9855,4.4852,-1.0686,7.27E-15,-3.41E-14
4.61,-8.4957,1.9374,4.5062,-1.0686,5.55E-17,3.33E-16
4.62,-8.4957,1.8892,4.5266,-1.0686,8.60E-15,-2.33E-14
4.63,-8.4957,1.8407,4.5465,-1.0686,2.66E-15,2.22E-14
4.64,-8.4957,1.792,4.5659,-1.0686,-2.09E-14,1.35E-14
4.65,-8.4957,1.7431,4.5848,-1.0686,-1.25E-15,-1.10E-14
4.66,-8.4957,1.694,4.6032,-1.0686,5.52E-14,-6.27E-15
4.67,-8.4957,1.6447,4.621,-1.0686,-1.14E-14,1.83E-15
4.68,-8.4957,1.5953,4.6383,-1.0686,-2.20E-14,2.44E-15
4.69,-8.4957,1.5456,4.6551,-1.0686,-1.12E-14,9.44E-16
4.7,-8.4957,1.4958,4.6714,-1.0686,2.42E-14,1.94E-14
4.71,-8.4957,1.4458,4.6871,-1.0686,9.46E-15,-1.22E-14
4.72,-8.4957,1.3956,4.7023,-1.0686,-9.94E-15,1.22E-14
4.73,-8.4957,1.3453,4.7169,-1.0686,-2.10E-14,1.33E-14
4.74,-8.4957,1.2948,4.731,-1.0686,7.45E-15,-3.45E-14
4.75,-8.4957,1.2442,4.7446,-1.0686,-1.85E-14,3.55E-14
4.76,-8.4957,1.1934,4.7576,-1.0686,5.51E-14,-6.44E-15
4.77,-8.4957,1.1425,4.7701,-1.0686,1.10E-14,-9.44E-16
4.78,-8.4957,1.0915,4.782,-1.0686,-1.86E-14,3.60E-14
4.79,-8.4957,1.0403,4.7934,-1.0178,-1.26E-14,-9.66E-15
4.8,-8.4957,0.98903,4.8043,-0.96701,-0.049769,0.0077608
4.81,-8.4957,0.93763,4.8145,-0.91611,-0.099677,0.014713
4.82,-8.4957,0.88613,4.8243,-0.86516,-0.1497,0.020853
4.83,-8.4957,0.83453,4.8335,-0.81419,-0.19982,0.026178
4.84,-8.4957,0.78284,4.8421,-0.76321,-0.25002,0.030686
4.85,-8.4957,0.73105,4.8502,-0.71225,-0.30029,0.034377
4.86,-8.4957,0.67918,4.8577,-0.6613,-0.35062,0.03725
4.87,-8.4957,0.62724,4.8647,-0.61037,-0.40101,0.039305
4.88,-8.4957,0.57522,4.8712,-0.55947,-0.45145,0.040541
4.89,-8.4957,0.52314,4.877,-0.50858,-0.50194,0.040958
4.9,-8.4957,0.47099,4.8823,-0.45771,-0.55248,0.040556
4.91,-8.4957,0.4188,4.8871,-0.40685,-0.60305,0.039335
4.92,-8.4957,0.36655,4.8913,-0.356,-0.65366,0.037294
4.93,-8.4957,0.31426,4.8949,-0.30514,-0.70429,0.034433
4.94,-8.4957,0.26194,4.898,-0.25428,-0.75493,0.03075
4.95,-8.4957,0.20959,4.9005,-0.20341,-0.80557,0.026245
4.96,-8.4957,0.15721,4.9025,-0.15255,-0.85618,0.020918
4.97,-8.4957,0.10482,4.9039,-0.10168,-0.90674,0.014768
4.98,-8.4957,0.052412,4.9047,-0.050827,-0.95721,0.0077948
4.99,-8.4957,-5.45E-16,4.905,7.78E-15,-1.0076,-2.17E-14
5,-8.4957,-5.45E-16,4.905,-2.34E-14,-1.0578,8.45E-15
5.01,-8.4434,-5.45E-16,4.9946,3.65E-14,-1.0578,-2.95E-14
5.02,-8.39,0,5.0836,-2.59E-14,-1.0578,3.06E-14
5.03,-8.3358,-5.45E-16,5.1721,4.95E-14,-1.0578,5.17E-15
5.04,-8.2806,0,5.26,-5.50E-14,-1.0578,-6.29E-15
5.05,-8.2245,0,5.3473,-7.77E-15,-1.0578,2.15E-14
5.06,-8.1675,0,5.434,2.46E-14,-1.0578,-1.96E-14
5.07,-8.1096,-5.45E-16,5.52,-1.24E-14,-1.0578,9.69E-15
5.08,-8.0507,0,5.6055,4.34E-15,-1.0578,1.15E-14
5.09,-7.991,0,5.6904,-2.20E-14,-1.0578,-2.48E-15
5.1,-7.9304,0,5.7746,2.11E-14,-1.0578,1.36E-14
5.11,-7.8688,0,5.8581,1.50E-14,-1.0578,-3.20E-14
5.12,-7.8064,-5.45E-16,5.941,-2.34E-14,-1.0578,8.52E-15
5.13,-7.7431,-5.45E-16,6.0233,2.58E-15,-1.0578,-2.21E-14
5.14,-7.679,0,6.1048,9.83E-15,-1.0578,1.22E-14
5.15,-7.614,0,6.1857,-1.10E-14,-1.0578,-1.30E-15
5.16,-7.5481,0,6.2659,-1.21E-14,-1.0578,1.00E-14
5.17,-7.4814,0,6.3454,1.80E-14,-1.0578,-9.11E-15
5.18,-7.4139,0,6.4242,4.28E-15,-1.0578,1.17E-14
5.19,-7.3455,-5.45E-16,6.5022,-3.42E-14,-1.0578,7.32E-15
5.2,-7.2763,0,6.5796,2.06E-14,-1.0578,-3.11E-14
5.21,-7.2063,5.45E-16,6.6562,-2.78E-14,-1.0578,5.28E-14
5.22,-7.1355,0,6.732,-2.37E-14,-1.0578,2.00E-14
5.23,-7.0639,0,6.8071,6.19E-14,-1.0578,-4.87E-14
5.24,-6.9915,-5.45E-16,6.8815,-9.45E-15,-1.0578,-1.21E-14
5.25,-6.9183,5.45E-16,6.955,4.59E-15,-1.0578,1.17E-14
5.26,-6.8444,0,7.0278,-7.22E-15,-1.0578,-3.43E-14
5.27,-6.7697,-1.09E-15,7.0998,-2.80E-15,-1.0578,-2.25E-14
5.28,-6.6942,-5.45E-16,7.171,1.73E-14,-1.0578,4.66E-14
5.29,-6.618,-5.45E-16,7.2414,-1.64E-14,-1.0578,-1.88E-15
5.3,-6.541,0,7.311,2.95E-14,-1.0578,1.45E-14
5.31,-6.4633,-5.45E-16,7.3798,-3.67E-14,-1.0578,7.11E-15
5.32,-6.3849,-5.45E-16,7.4478,2.47E-14,-1.0578,-1.96E-14
5.33,-6.3057,0,7.5149,1.99E-14,-1.0578,-3.14E-14
5.34,-6.2259,0,7.5812,-2.32E-14,-1.0578,3.08E-14
5.35,-6.1454,-5.45E-16,7.6466,7.96E-15,-1.0578,-2.15E-14
5.36,-6.0641,-5.45E-16,7.7112,7.54E-15,-1.0578,-2.17E-14
5.37,-5.9822,0,7.7749,3.00E-15,-1.0578,4.48E-14
5.38,-5.8997,0,7.8377,-3.83E-14,-1.0578,1.81E-14
5.39,-5.8164,-5.45E-16,7.8997,2.72E-14,-1.0578,-1.94E-14
5.4,-5.7325,0,7.9608,-2.27E-14,-1.0578,-2.49E-14
5.41,-5.648,2.72E-16,8.021,1.07E-14,-1.0578,1.30E-15
5.42,-5.5629,-2.72E-16,8.0803,4.08E-15,-1.0578,1.16E-14
5.43,-5.4771,0,8.1387,-1.05E-14,-1.0578,2.12E-14
5.44,-5.3907,0,8.1961,1.21E-14,-1.0578,-9.83E-15
5.45,-5.3037,0,8.2527,-5.59E-15,-1.0578,-6.21E-16
5.46,-5.2161,0,8.3083,4.19E-15,-1.0578,1.16E-14
5.47,-5.1279,-2.72E-16,8.363,1.64E-14,-1.0578,-2.07E-14
5.48,-5.0392,0,8.4168,-3.41E-14,-1.0578,2.96E-14
5.49,-4.9499,-2.72E-16,8.4696,2.44E-14,-1.0578,-1.97E-14
5.5,-4.86,2.72E-16,8.5215,-1.75E-14,-1.0578,9.23E-15
5.51,-4.7696,0,8.5725,2.10E-15,-1.0578,3.38E-14
5.52,-4.6786,0,8.6224,-1.32E-14,-1.0578,-1.36E-15
5.53,-4.5872,0,8.6714,1.43E-15,-1.0578,-1.08E-14
5.54,-4.4952,0,8.7195,4.00E-15,-1.0578,4.52E-14
5.55,-4.4027,0,8.7665,-9.69E-15,-1.0578,-3.44E-14
5.56,-4.3097,2.72E-16,8.8126,3.70E-14,-1.0578,-2.93E-14
5.57,-4.2163,0,8.8577,-2.03E-14,-1.0578,3.12E-14
5.58,-4.1224,0,8.9018,1.96E-14,-1.0578,-5.38E-14
5.59,-4.028,0,8.9449,1.22E-14,-1.0578,1.24E-14
5.6,-3.9331,0,8.987,-3.01E-15,-1.0578,-5.88E-16
5.61,-3.8378,2.72E-16,9.0281,-1.68E-14,-1.0578,6.49E-14
5.62,-3.7421,2.72E-16,9.0682,-3.69E-14,-1.0578,-4.06E-15
5.63,-3.646,0,9.1073,1.91E-15,-1.0578,1.16E-14
5.64,-3.5495,-2.72E-16,9.1453,1.56E-14,-1.0578,-9.29E-15
5.65,-3.4525,0,9.1824,1.28E-14,-1.0578,-9.77E-15
5.66,-3.3552,0,9.2184,1.74E-14,-1.0578,-3.17E-14
5.67,-3.2575,0,9.2534,-1.25E-14,-1.0578,-1.51E-15
5.68,-3.1595,0,9.2873,1.19E-14,-1.0578,-2.11E-14
5.69,-3.061,0,9.3202,4.07E-15,-1.0578,2.26E-14
5.7,-2.9623,-2.72E-16,9.3521,-2.44E-14,-1.0578,3.07E-14
5.71,-2.8632,0,9.3829,-1.51E-14,-1.0578,9.58E-15
5.72,-2.7638,1.36E-16,9.4126,2.30E-14,-1.0578,-1.97E-14
5.73,-2.6641,0,9.4413,-2.92E-14,-1.0578,7.50E-14
5.74,-2.5641,0,9.469,2.02E-14,-1.0578,-5.35E-14
5.75,-2.4638,0,9.4956,-1.04E-14,-1.0578,-1.11E-15
5.76,-2.3632,-1.36E-16,9.5211,-1.37E-14,-1.0578,9.81E-15
5.77,-2.2623,-1.36E-16,9.5456,1.90E-14,-1.0578,-3.12E-14
5.78,-2.1612,1.36E-16,9.569,1.09E-14,-1.0578,-3.22E-14
5.79,-2.0599,0,9.5913,-9.79E-15,-1.0076,5.48E-14
5.8,-1.9583,0,9.6125,0.0076444,-0.95724,-0.049531
5.81,-1.8566,0,9.6327,0.014492,-0.90685,-0.099198
5.82,-1.7546,-1.36E-16,9.6518,0.02054,-0.85642,-0.14898
5.83,-1.6524,-1.36E-16,9.6698,0.025785,-0.80596,-0.19885
5.84,-1.55,-1.36E-16,9.6868,0.030225,-0.7555,-0.2488
5.85,-1.4474,0,9.7026,0.03386,-0.70505,-0.29882
5.86,-1.3447,-6.81E-17,9.7174,0.03669,-0.65462,-0.3489
5.87,-1.2419,6.81E-17,9.7311,0.038713,-0.60421,-0.39903
5.88,-1.1389,0,9.7437,0.03993,-0.55382,-0.44922
5.89,-1.0357,6.81E-17,9.7552,0.040341,-0.50345,-0.49945
5.9,-0.9325,0,9.7656,0.039945,-0.45309,-0.54973
5.91,-0.82915,0,9.7749,0.038743,-0.40275,-0.60005
5.92,-0.72571,0,9.7831,0.036732,-0.3524,-0.6504
5.93,-0.62219,3.40E-17,9.7902,0.033914,-0.30206,-0.70077
5.94,-0.5186,0,9.7963,0.030287,-0.25171,-0.75115
5.95,-0.41495,-3.40E-17,9.8012,0.02585,-0.20136,-0.80153
5.96,-0.31125,0,9.8051,0.020603,-0.15101,-0.85188
5.97,-0.20752,0,9.8078,0.014545,-0.10065,-0.90218
5.98,-0.10377,-8.51E-18,9.8095,0.0076772,-0.050314,-0.9524
5.99,0,0,9.81,0,0,-1.0025
6,0,0,9.81,0,0,-1.0525
6.01,0,0,9.81,0,0,-1.0525
6.02,0,0,9.81,0,0,-1.0525
6.03,0,0,9.81,0,0,-1.0525
6.04,0,0,9.81,0,0,-1.0525
6.05,0,0,9.81,0,0,-1.0525
6.06,0,0,9.81,0,0,-1.0525
6.07,0,0,9.81,0,0,-1.0525
6.08,0,0,9.81,0,0,-1.0525
6.09,0,0,9.81,0,0,-1.0525
6.1,0,0,9.81,0,0,-1.0525
6.11,0,0,9.81,0,0,-1.0525
6.12,0,0,9.81,0,0,-1.0525
6.13,0,0,9.81,0,0,-1.0525
6.14,0,0,9.81,0,0,-1.0525
6.15,0,0,9.81,0,0,-1.0525
6.16,0,0,9.81,0,0,-1.0525
6.17,0,0,9.81,0,0,-1.0525
6.18,0,0,9.81,0,0,-1.0525
6.19,0,0,9.81,0,0,-1.0525
6.2,0,0,9.81,0,0,-1.0525
6.21,0,0,9.81,0,0,-1.0525
6.22,0,0,9.81,-1.85E-14,-1.23E-14,-1.0525
6.23,0,0,9.81,1.85E-14,1.23E-14,-1.0525
6.24,0,0,9.81,0,0,-1.0525
6.25,0,0,9.81,0,0,-1.0525
6.26,0,0,9.81,0,0,-1.0525
6.27,0,0,9.81,0,0,-1.0525
6.28,0,0,9.81,0,0,-1.0525
6.29,0,0,9.81,0,0,-1.0525
6.3,0,0,9.81,0,0,-1.0525
6.31,0,0,9.81,0,0,-1.0525
6.32,0,0,9.81,0,0,-1.0525
6.33,0,0,9.81,0,0,-1.0525
6.34,0,0,9.81,0,0,-1.0525
6.35,0,0,9.81,0,0,-1.0525
6.36,0,0,9.81,0,0,-1.0525
6.37,0,0,9.81,0,0,-1.0525
6.38,0,0,9.81,0,0,-1.0525
6.39,0,0,9.81,0,0,-1.0525
6.4,0,0,9.81,-1.72E-14,-1.40E-14,-1.0525
6.41,0,0,9.81,1.72E-14,1.40E-14,-1.0525
6.42,0,0,9.81,0,0,-1.0525
6.43,0,0,9.81,0,0,-1.0525
6.44,0,0,9.81,-1.69E-14,-1.43E-14,-1.0525
6.45,0,0,9.81,1.69E-14,1.43E-14,-1.0525
6.46,0,0,9.81,0,0,-1.0525
6.47,0,0,9.81,0,0,-1.0525
6.48,0,0,9.81,0,0,-1.0525
6.49,0,0,9.81,0,0,-1.0525
6.5,0,0,9.81,0,0,-1.0525
6.51,0,0,9.81,0,0,-1.0525
6.52,0,0,9.81,0,0,-1.0525
6.53,0,0,9.81,0,0,-1.0525
6.54,0,0,9.81,0,0,-1.0525
6.55,0,0,9.81,0,0,-1.0525
6.56,0,0,9.81,0,0,-1.0525
6.57,0,0,9.81,0,0,-1.0525
6.58,0,0,9.81,-1.58E-14,-1.56E-14,-1.0525
6.59,0,0,9.81,1.58E-14,1.56E-14,-1.0525
6.6,0,0,9.81,0,0,-1.0525
6.61,0,0,9.81,0,0,-1.0525
6.62,0,0,9.81,0,0,-1.0525
6.63,0,0,9.81,0,0,-1.0525
6.64,0,0,9.81,0,0,-1.0525
6.65,0,0,9.81,0,0,-1.0525
6.66,0,0,9.81,-1.52E-14,-1.62E-14,-1.0525
6.67,0,0,9.81,1.52E-14,1.62E-14,-1.0525
6.68,0,0,9.81,0,0,-1.0525
6.69,0,0,9.81,0,0,-1.0525
6.7,0,0,9.81,0,0,-1.0525
6.71,0,0,9.81,0,0,-1.0525
6.72,0,0,9.81,-1.47E-14,-1.67E-14,-1.0525
6.73,0,0,9.81,1.47E-14,1.67E-14,-1.0525
6.74,0,0,9.81,0,0,-1.0525
6.75,0,0,9.81,-1.44E-14,-1.69E-14,-1.0525
6.76,0,0,9.81,1.44E-14,1.69E-14,-1.0525
6.77,0,0,9.81,-1.42E-14,-1.71E-14,-1.0525
6.78,0,0,9.81,1.42E-14,1.71E-14,-1.0525
6.79,0,0,9.81,0,0,-1.0525
6.8,0,0,9.81,-1.39E-14,-1.73E-14,-1.0525
6.81,0,0,9.81,1.39E-14,1.73E-14,-1.0525
6.82,0,0,9.81,0,0,-1.0525
6.83,0,0,9.81,0,0,-1.0525
6.84,0,0,9.81,0,0,-1.0525
6.85,0,0,9.81,0,0,-1.0525
6.86,0,0,9.81,0,0,-1.0525
6.87,0,0,9.81,0,0,-1.0525
6.88,0,0,9.81,0,0,-1.0525
6.89,0,0,9.81,0,0,-1.0525
6.9,0,0,9.81,0,0,-1.0525
6.91,0,0,9.81,0,0,-1.0525
6.92,0,0,9.81,0,0,-1.0525
6.93,0,0,9.81,0,0,-1.0525
6.94,0,0,9.81,0,0,-1.0525
6.95,0,0,9.81,0,0,-1.0525
6.96,0,0,9.81,0,0,-1.0525
6.97,0,0,9.81,0,0,-1.0525
6.98,0,0,9.81,0,0,-1.0525
6.99,0,0,9.81,0,0,-1.0525
7,0,0,9.81,0,0,-1.0525
7.01,0,0,9.81,0,0,-1.0525
7.02,0,0,9.81,0,0,-1.0525
7.03,0,0,9.81,0,0,-1.0525
7.04,0,0,9.81,0,0,-1.0525
7.05,0,0,9.81,0,0,-1.0525
7.06,0,0,9.81,-3.44E-14,-5.71E-14,-1.0525
7.07,0,0,9.81,3.01E-16,-1.80E-16,-1.0525
7.08,0,0,9.81,3.41E-14,5.72E-14,-1.0525
7.09,0,0,9.81,-3.35E-14,-5.76E-14,-1.0525
7.1,0,0,9.81,3.35E-14,5.76E-14,-1.0525
7.11,0,0,9.81,0,0,-1.0525
7.12,0,0,9.81,0,0,-1.0525
7.13,0,0,9.81,-3.22E-14,-5.83E-14,-1.0525
7.14,0,0,9.81,3.22E-14,5.83E-14,-1.0525
7.15,0,0,9.81,-3.16E-14,-5.86E-14,-1.0525
7.16,0,0,9.81,3.16E-14,5.86E-14,-1.0525
7.17,0,0,9.81,0,0,-1.0525
7.18,0,0,9.81,-3.07E-14,-5.91E-14,-1.0525
7.19,0,0,9.81,3.12E-16,-1.61E-16,-1.0525
7.2,0,0,9.81,3.12E-16,-1.59E-16,-1.0525
7.21,0,0,9.81,3.13E-16,-1.57E-16,-1.0525
7.22,0,0,9.81,2.98E-14,5.96E-14,-1.0525
7.23,0,0,9.81,0,0,-1.0525
7.24,0,0,9.81,0,0,-1.0525
7.25,0,0,9.81,-2.85E-14,-6.02E-14,-1.0525
7.26,0,0,9.81,2.85E-14,6.02E-14,-1.0525
7.27,0,0,9.81,0,0,-1.0525
7.28,0,0,9.81,0,0,-1.0525
7.29,0,0,9.81,0,0,-1.0525
7.3,0,0,9.81,0,0,-1.0525
7.31,0,0,9.81,-2.66E-14,-6.11E-14,-1.0525
7.32,0,0,9.81,2.66E-14,6.11E-14,-1.0525
7.33,0,0,9.81,-2.59E-14,-6.14E-14,-1.0525
7.34,0,0,9.81,2.59E-14,6.14E-14,-1.0525
7.35,0,0,9.81,-2.53E-14,-6.16E-14,-1.0525
7.36,0,0,9.81,2.53E-14,6.16E-14,-1.0525
7.37,0,0,9.81,0,0,-1.0525
7.38,0,0,9.81,-2.43E-14,-6.20E-14,-1.0525
7.39,0,0,9.81,2.43E-14,6.20E-14,-1.0525
7.4,0,0,9.81,0,0,-1.0525
7.41,0,0,9.81,0,0,-1.0525
7.42,0,0,9.81,0,0,-1.0525
7.43,0,0,9.81,0,0,-1.0525
7.44,0,0,9.81,0,0,-1.0525
7.45,0,0,9.81,0,0,-1.0525
7.46,0,0,9.81,0,0,-1.0525
7.47,0,0,9.81,0,0,-1.0525
7.48,0,0,9.81,0,0,-1.0525
7.49,0,0,9.81,0,0,-1.0525
7.5,0,0,9.81,0,0,-1.0525
7.51,0,0,9.81,0,0,-1.0525
7.52,0,0,9.81,0,0,-1.0525
7.53,0,0,9.81,0,0,-1.0525
7.54,0,0,9.81,-1.90E-14,-6.38E-14,-1.0525
7.55,0,0,9.81,1.90E-14,6.38E-14,-1.0525
7.56,0,0,9.81,0,0,-1.0525
7.57,0,0,9.81,0,0,-1.0525
7.58,0,0,9.81,0,0,-1.0525
7.59,0,0,9.81,0,0,-1.0525
7.6,0,0,9.81,0,0,-1.0525
7.61,0,0,9.81,0,0,-1.0525
7.62,0,0,9.81,0,0,-1.0525
7.63,0,0,9.81,0,0,-1.0525
7.64,0,0,9.81,0,0,-1.0525
7.65,0,0,9.81,-1.53E-14,-6.48E-14,-1.0525
7.66,0,0,9.81,1.53E-14,6.48E-14,-1.0525
7.67,0,0,9.81,0,0,-1.0525
7.68,0,0,9.81,0,0,-1.0525
7.69,0,0,9.81,0,0,-1.0525
7.7,0,0,9.81,0,0,-1.0525
7.71,0,0,9.81,0,0,-1.0525
7.72,0,0,9.81,0,0,-1.0525
7.73,0,0,9.81,0,0,-1.0525
7.74,0,0,9.81,-1.22E-14,-6.55E-14,-1.0525
7.75,0,0,9.81,1.22E-14,6.55E-14,-1.0525
7.76,0,0,9.81,0,0,-1.0525
7.77,0,0,9.81,0,0,-1.0525
7.78,0,0,9.81,0,0,-1.0525
7.79,0,0,9.81,0,0,-1.0025
7.8,0,0,9.81,0,0,-0.95244
7.81,0,0,9.81,0,0,-0.90233
7.82,0,0,9.81,0,0,-0.85218
7.83,0,0,9.81,0,0,-0.802
7.84,0,0,9.81,0,0,-0.75182
7.85,0,0,9.81,0,0,-0.70164
7.86,0,0,9.81,-7.58E-15,-6.62E-14,-0.65147
7.87,0,0,9.81,7.30E-15,6.62E-14,-0.60131
7.88,0,0,9.81,0,0,-0.55116
7.89,0,0,9.81,0,0,-0.50103
7.9,0,0,9.81,-5.55E-15,-6.64E-14,-0.45092
7.91,0,0,9.81,5.14E-15,6.64E-14,-0.40081
7.92,0,0,9.81,0,0,-0.35071
7.93,0,0,9.81,0,0,-0.30062
7.94,0,0,9.81,0,0,-0.25053
7.95,0,0,9.81,0,0,-0.20043
7.96,0,0,9.81,0,0,-0.15033
7.97,0,0,9.81,0,0,-0.10023
7.98,0,0,9.81,0,0,-0.050116
7.99,0,0,9.81,0,0,0
8,0,0,9.81,0,0,0
8.01,0,0,9.81,0,0,0
8.02,0,0,9.81,0,0,0
8.03,0,0,9.81,0,0,0
8.04,0,0,9.81,0,0,0
8.05,0,0,9.81,0,0,0
8.06,0,0,9.81,0,0,0
8.07,0,0,9.81,0,0,0
8.08,0,0,9.81,0,0,0
8.09,0,0,9.81,0,0,0
8.1,0,0,9.81,0,0,0
8.11,0,0,9.81,0,0,0
8.12,0,0,9.81,0,0,0
8.13,0,0,9.81,0,0,0
8.14,0,0,9.81,0,0,0
8.15,0,0,9.81,0,0,0
8.16,0,0,9.81,0,0,0
8.17,0,0,9.81,0,0,0
8.18,0,0,9.81,0,0,0
8.19,0,0,9.81,0,0,0
8.2,0,0,9.81,0,0,0
8.21,0,0,9.81,0,0,0
8.22,0,0,9.81,0,0,0
8.23,0,0,9.81,0,0,0
8.24,0,0,9.81,0,0,0
8.25,0,0,9.81,0,0,0
8.26,0,0,9.81,0,0,0
8.27,0,0,9.81,0,0,0
8.28,0,0,9.81,0,0,0
8.29,0,0,9.81,0,0,0
8.3,0,0,9.81,0,0,0
8.31,0,0,9.81,0,0,0
8.32,0,0,9.81,0,0,0
8.33,0,0,9.81,0,0,0
8.34,0,0,9.81,0,0,0
8.35,0,0,9.81,0,0,0
8.36,0,0,9.81,0,0,0
8.37,0,0,9.81,0,0,0
8.38,0,0,9.81,0,0,0
8.39,0,0,9.81,0,0,0
8.4,0,0,9.81,0,0,0
8.41,0,0,9.81,0,0,0
8.42,0,0,9.81,0,0,0
8.43,0,0,9.81,0,0,0
8.44,0,0,9.81,0,0,0
8.45,0,0,9.81,0,0,0
8.46,0,0,9.81,0,0,0
8.47,0,0,9.81,0,0,0
8.48,0,0,9.81,0,0,0
8.49,0,0,9.81,0,0,0
8.5,0,0,9.81,0,0,0
8.51,0,0,9.81,0,0,0
8.52,0,0,9.81,0,0,0
8.53,0,0,9.81,0,0,0
8.54,0,0,9.81,0,0,0
8.55,0,0,9.81,0,0,0
8.56,0,0,9.81,0,0,0
8.57,0,0,9.81,0,0,0
8.58,0,0,9.81,0,0,0
8.59,0,0,9.81,0,0,0
8.6,0,0,9.81,0,0,0
8.61,0,0,9.81,0,0,0
8.62,0,0,9.81,0,0,0
8.63,0,0,9.81,0,0,0
8.64,0,0,9.81,0,0,0
8.65,0,0,9.81,0,0,0
8.66,0,0,9.81,0,0,0
8.67,0,0,9.81,0,0,0
8.68,0,0,9.81,0,0,0
8.69,0,0,9.81,0,0,0
8.7,0,0,9.81,0,0,0
8.71,0,0,9.81,0,0,0
8.72,0,0,9.81,0,0,0
8.73,0,0,9.81,0,0,0
8.74,0,0,9.81,0,0,0
8.75,0,0,9.81,0,0,0
8.76,0,0,9.81,0,0,0
8.77,0,0,9.81,0,0,0
8.78,0,0,9.81,0,0,0
8.79,0,0,9.81,0,0,0
8.8,0,0,9.81,0.012397,0.025124,0.050083
8.81,0,0,9.81,0.024528,0.050375,0.10009
8.82,0,0,9.81,0.036392,0.075751,0.15003
8.83,0,0,9.81,0.047987,0.10125,0.19989
8.84,0,0,9.81,0.059312,0.12687,0.24967
8.85,0,0,9.81,0.070369,0.15261,0.29938
8.86,0,0,9.81,0.081155,0.17847,0.34903
8.87,0,0,9.81,0.091672,0.20446,0.39861
8.88,0,0,9.81,0.10192,0.23056,0.44812
8.89,0,0,9.81,0.11189,0.25679,0.49759
8.9,0,0,9.81,0.1216,0.28313,0.547
8.91,0,0,9.81,0.13103,0.30959,0.59636
8.92,0,0,9.81,0.14018,0.33616,0.64567
8.93,0,0,9.81,0.14906,0.36285,0.69492
8.94,0,0,9.81,0.15766,0.38964,0.74411
8.95,0,0,9.81,0.16597,0.41652,0.79324
8.96,0,0,9.81,0.174,0.44349,0.84229
8.97,0,0,9.81,0.18173,0.47052,0.89123
8.98,0,0,9.81,0.18915,0.49762,0.94006
8.99,0,0,9.81,0.19628,0.52475,0.98875
9,0,0,9.81,0.20308,0.5519,1.0373
9.01,-0.051623,0.025811,9.8098,0.19755,0.55461,1.0355
9.02,-0.10324,0.05162,9.8093,0.19201,0.55732,1.0336
9.03,-0.15486,0.077424,9.8085,0.18648,0.56002,1.0318
9.04,-0.20648,0.10322,9.8073,0.18096,0.56271,1.0299
9.05,-0.25809,0.12901,9.8058,0.17543,0.5654,1.028
9.06,-0.30969,0.15479,9.8039,0.16991,0.56808,1.026
9.07,-0.36128,0.18055,9.8017,0.16439,0.57075,1.024
9.08,-0.41286,0.20629,9.7991,0.15887,0.57342,1.022
9.09,-0.46443,0.23202,9.7963,0.15335,0.57607,1.0199
9.1,-0.51599,0.25773,9.793,0.14784,0.57872,1.0178
9.11,-0.56754,0.28341,9.7895,0.14233,0.58136,1.0156
9.12,-0.61907,0.30907,9.7856,0.13683,0.58399,1.0135
9.13,-0.67058,0.3347,9.7813,0.13133,0.58661,1.0112
9.14,-0.72207,0.3603,9.7768,0.12583,0.58922,1.009
9.15,-0.77354,0.38587,9.7718,0.12034,0.59182,1.0067
9.16,-0.82499,0.4114,9.7666,0.11485,0.59441,1.0044
9.17,-0.87642,0.4369,9.761,0.10936,0.59699,1.002
9.18,-0.92783,0.46235,9.7551,0.10388,0.59956,0.99964
9.19,-0.97921,0.48777,9.7488,0.098401,0.60212,0.99721
9.2,-1.0306,0.51314,9.7422,0.092928,0.60467,0.99474
9.21,-1.0819,0.53846,9.7353,0.08746,0.60721,0.99225
9.22,-1.1332,0.56374,9.728,0.081997,0.60973,0.98971
9.23,-1.1844,0.58896,9.7204,0.076539,0.61225,0.98714
9.24,-1.2357,0.61414,9.7125,0.071087,0.61475,0.98454
9.25,-1.2869,0.63925,9.7042,0.065639,0.61724,0.9819
9.26,-1.338,0.66431,9.6956,0.060197,0.61972,0.97923
9.27,-1.3891,0.68931,9.6867,0.054761,0.62218,0.97652
9.28,-1.4402,0.71425,9.6774,0.049331,0.62464,0.97377
9.29,-1.4913,0.73912,9.6678,0.043906,0.62708,0.971
9.3,-1.5423,0.76392,9.6578,0.038488,0.6295,0.96818
9.31,-1.5932,0.78866,9.6476,0.033076,0.63191,0.96534
9.32,-1.6441,0.81333,9.637,0.02767,0.63431,0.96246
9.33,-1.695,0.83792,9.6261,0.022271,0.6367,0.95954
9.34,-1.7458,0.86243,9.6148,0.016878,0.63907,0.95659
9.35,-1.7966,0.88687,9.6032,0.011492,0.64142,0.95361
9.36,-1.8473,0.91123,9.5913,0.0061137,0.64377,0.95059
9.37,-1.898,0.9355,9.5791,0.00074219,0.64609,0.94754
9.38,-1.9486,0.95969,9.5665,-0.004622,0.6484,0.94446
9.39,-1.9992,0.9838,9.5536,-0.0099788,0.6507,0.94134
9.4,-2.0497,1.0078,9.5404,-0.015328,0.65298,0.93819
9.41,-2.1002,1.0317,9.5269,-0.02067,0.65524,0.93501
9.42,-2.1506,1.0556,9.513,-0.026003,0.65749,0.93179
9.43,-2.2009,1.0793,9.4988,-0.031329,0.65972,0.92854
9.44,-2.2512,1.1029,9.4843,-0.036646,0.66194,0.92525
9.45,-2.3014,1.1265,9.4695,-0.041955,0.66414,0.92194
9.46,-2.3515,1.1499,9.4543,-0.047256,0.66632,0.91859
9.47,-2.4016,1.1732,9.4388,-0.052548,0.66848,0.91521
9.48,-2.4516,1.1965,9.4231,-0.057831,0.67063,0.91179
9.49,-2.5016,1.2196,9.407,-0.063105,0.67276,0.90834
9.5,-2.5515,1.2426,9.3905,-0.06837,0.67487,0.90486
9.51,-2.6013,1.2655,9.3738,-0.073626,0.67696,0.90135
9.52,-2.651,1.2882,9.3567,-0.078873,0.67904,0.89781
9.53,-2.7007,1.3109,9.3394,-0.08411,0.6811,0.89424
9.54,-2.7503,1.3334,9.3217,-0.089338,0.68313,0.89063
9.55,-2.7998,1.3558,9.3037,-0.094556,0.68515,0.88699
9.56,-2.8492,1.3781,9.2854,-0.099764,0.68715,0.88332
9.57,-2.8986,1.4003,9.2668,-0.10496,0.68913,0.87962
9.58,-2.9479,1.4223,9.2479,-0.11015,0.69109,0.87589
9.59,-2.9971,1.4443,9.2286,-0.11533,0.69303,0.87212
9.6,-3.0462,1.466,9.2091,-0.12049,0.69495,0.86833
9.61,-3.0952,1.4877,9.1893,-0.12565,0.69685,0.8645
9.62,-3.1442,1.5092,9.1691,-0.13079,0.69873,0.86065
9.63,-3.193,1.5306,9.1487,-0.13593,0.70059,0.85676
9.64,-3.2418,1.5518,9.1279,-0.14105,0.70243,0.85285
9.65,-3.2905,1.5729,9.1069,-0.14616,0.70425,0.8489
9.66,-3.339,1.5938,9.0855,-0.15127,0.70605,0.84492
9.67,-3.3875,1.6146,9.0639,-0.15635,0.70782,0.84092
9.68,-3.4359,1.6353,9.0419,-0.16143,0.70957,0.83688
9.69,-3.4842,1.6557,9.0197,-0.1665,0.7113,0.83282
9.7,-3.5325,1.6761,8.9971,-0.17155,0.71301,0.82872
9.71,-3.5806,1.6963,8.9743,-0.17659,0.7147,0.8246
9.72,-3.6286,1.7163,8.9512,-0.18162,0.71636,0.82045
9.73,-3.6765,1.7362,8.9278,-0.18664,0.71801,0.81627
9.74,-3.7243,1.7559,8.9041,-0.19165,0.71963,0.81206
9.75,-3.772,1.7755,8.8801,-0.19664,0.72122,0.80782
9.76,-3.8196,1.7949,8.8558,-0.20162,0.72279,0.80355
9.77,-3.8671,1.8141,8.8312,-0.20658,0.72434,0.79926
9.78,-3.9145,1.8331,8.8064,-0.21154,0.72587,0.79493
9.79,-3.9618,1.852,8.7813,-0.21648,0.72737,0.79058
9.8,-4.0089,1.8707,8.7558,-0.22141,0.72885,0.7862
9.81,-4.056,1.8893,8.7302,-0.22632,0.7303,0.7818
9.82,-4.1029,1.9077,8.7042,-0.23122,0.73173,0.77737
9.83,-4.1498,1.9258,8.6779,-0.23611,0.73314,0.77291
9.84,-4.1965,1.9439,8.6514,-0.24098,0.73452,0.76842
9.85,-4.2431,1.9617,8.6246,-0.24584,0.73587,0.76391
9.86,-4.2896,1.9793,8.5975,-0.25068,0.7372,0.75937
9.87,-4.336,1.9968,8.5702,-0.25551,0.73851,0.7548
9.88,-4.3822,2.0141,8.5426,-0.26033,0.73979,0.75021
9.89,-4.4283,2.0312,8.5147,-0.26513,0.74104,0.74559
9.9,-4.4743,2.0481,8.4866,-0.26992,0.74227,0.74095
9.91,-4.5202,2.0648,8.4582,-0.27469,0.74347,0.73628
9.92,-4.566,2.0813,8.4295,-0.27945,0.74465,0.73158
9.93,-4.6116,2.0976,8.4006,-0.28419,0.7458,0.72686
9.94,-4.6571,2.1137,8.3714,-0.28892,0.74692,0.72212
9.95,-4.7025,2.1297,8.3419,-0.29363,0.74802,0.71735
9.96,-4.7477,2.1454,8.3122,-0.29833,0.74909,0.71255
9.97,-4.7928,2.1609,8.2822,-0.30301,0.75013,0.70774
9.98,-4.8378,2.1763,8.252,-0.30767,0.75115,0.70289
9.99,-4.8826,2.1914,8.2216,-0.31232,0.75214,0.69803
10,-4.9273,2.2063,8.1908,-0.31696,0.7531,0.69314
10.01,-4.9719,2.221,8.1599,-0.32157,0.75403,0.68822
10.02,-5.0163,2.2355,8.1287,-0.32617,0.75494,0.68329
10.03,-5.0606,2.2498,8.0972,-0.33076,0.75582,0.67833
10.04,-5.1048,2.2638,8.0655,-0.33533,0.75667,0.67335
10.05,-5.1488,2.2777,8.0336,-0.33988,0.75749,0.66834
10.06,-5.1927,2.2913,8.0014,-0.34441,0.75828,0.66331
10.07,-5.2364,2.3047,7.969,-0.34893,0.75905,0.65826
10.08,-5.28,2.3179,7.9363,-0.35343,0.75979,0.65319
10.09,-5.3234,2.3309,7.9034,-0.35792,0.7605,0.6481
10.1,-5.3667,2.3437,7.8703,-0.36239,0.76117,0.64298
10.11,-5.4098,2.3562,7.837,-0.36684,0.76183,0.63785
10.12,-5.4528,2.3685,7.8034,-0.37127,0.76245,0.63269
10.13,-5.4957,2.3806,7.7696,-0.37568,0.76304,0.62751
10.14,-5.5384,2.3925,7.7356,-0.38008,0.7636,0.62231
10.15,-5.5809,2.4041,7.7013,-0.38446,0.76413,0.61709
10.16,-5.6233,2.4155,7.6668,-0.38882,0.76464,0.61185
10.17,-5.6655,2.4267,7.6322,-0.39317,0.76511,0.60659
10.18,-5.7075,2.4376,7.5972,-0.39749,0.76556,0.60131
10.19,-5.7495,2.4483,7.5621,-0.4018,0.76597,0.59602
10.2,-5.7912,2.4587,7.5268,-0.40609,0.76635,0.5907
10.21,-5.8328,2.469,7.4913,-0.41036,0.76671,0.58536
10.22,-5.8742,2.479,7.4555,-0.41461,0.76703,0.58
10.23,-5.9155,2.4887,7.4195,-0.41884,0.76732,0.57463
10.24,-5.9566,2.4982,7.3834,-0.42306,0.76758,0.56924
10.25,-5.9975,2.5075,7.347,-0.42725,0.76781,0.56383
10.26,-6.0383,2.5165,7.3104,-0.43143,0.76801,0.5584
10.27,-6.0789,2.5252,7.2737,-0.43558,0.76818,0.55295
10.28,-6.1193,2.5338,7.2367,-0.43972,0.76832,0.54749
10.29,-6.1596,2.542,7.1996,-0.44384,0.76843,0.54201
10.3,-6.1997,2.5501,7.1622,-0.44794,0.7685,0.53651
10.31,-6.2396,2.5578,7.1247,-0.45202,0.76855,0.531
10.32,-6.2793,2.5654,7.0869,-0.45607,0.76856,0.52547
10.33,-6.3189,2.5726,7.049,-0.46011,0.76854,0.51992
10.34,-6.3583,2.5797,7.0109,-0.46413,0.76849,0.51436
10.35,-6.3975,2.5864,6.9727,-0.46813,0.76841,0.50878
10.36,-6.4366,2.5929,6.9342,-0.47211,0.76829,0.50318
10.37,-6.4755,2.5992,6.8956,-0.47607,0.76815,0.49758
10.38,-6.5141,2.6052,6.8567,-0.48001,0.76797,0.49195
10.39,-6.5527,2.6109,6.8178,-0.48392,0.76776,0.48631
10.4,-6.591,2.6164,6.7786,-0.48782,0.76752,0.48066
10.41,-6.6291,2.6216,6.7393,-0.4917,0.76724,0.47499
10.42,-6.6671,2.6266,6.6998,-0.49555,0.76693,0.46931
10.43,-6.7049,2.6313,6.6601,-0.49939,0.76659,0.46362
10.44,-6.7425,2.6357,6.6203,-0.5032,0.76622,0.45791
10.45,-6.7799,2.6398,6.5803,-0.50699,0.76581,0.45219
10.46,-6.8171,2.6437,6.5402,-0.51076,0.76538,0.44646
10.47,-6.8541,2.6474,6.4999,-0.51451,0.76491,0.44071
10.48,-6.8909,2.6507,6.4595,-0.51824,0.7644,0.43495
10.49,-6.9276,2.6538,6.4189,-0.52194,0.76387,0.42918
10.5,-6.964,2.6567,6.3781,-0.52563,0.7633,0.4234
10.51,-7.0003,2.6592,6.3372,-0.52929,0.76269,0.4176
10.52,-7.0364,2.6615,6.2962,-0.53293,0.76206,0.4118
10.53,-7.0722,2.6635,6.255,-0.53655,0.76139,0.40598
10.54,-7.1079,2.6653,6.2137,-0.54015,0.76069,0.40015
10.55,-7.1434,2.6667,6.1722,-0.54372,0.75995,0.39432
10.56,-7.1787,2.6679,6.1306,-0.54727,0.75918,0.38847
10.57,-7.2138,2.6688,6.0889,-0.5508,0.75838,0.38261
10.58,-7.2487,2.6695,6.0471,-0.55431,0.75754,0.37674
10.59,-7.2833,2.6698,6.0051,-0.5578,0.75667,0.37086
10.6,-7.3178,2.6699,5.963,-0.56126,0.75577,0.36498
10.61,-7.3521,2.6698,5.9207,-0.5647,0.75483,0.35908
10.62,-7.3862,2.6693,5.8784,-0.56811,0.75386,0.35318
10.63,-7.42,2.6685,5.8359,-0.57151,0.75286,0.34726
10.64,-7.4537,2.6675,5.7933,-0.57488,0.75182,0.34134
10.65,-7.4872,2.6662,5.7506,-0.57822,0.75075,0.33541
10.66,-7.5204,2.6646,5.7078,-0.58155,0.74964,0.32948
10.67,-7.5535,2.6628,5.6649,-0.58485,0.74851,0.32353
10.68,-7.5863,2.6606,5.6218,-0.58813,0.74733,0.31758
10.69,-7.6189,2.6582,5.5787,-0.59138,0.74613,0.31163
10.7,-7.6513,2.6555,5.5355,-0.59461,0.74488,0.30566
10.71,-7.6835,2.6525,5.4921,-0.59781,0.74361,0.29969
10.72,-7.7155,2.6492,5.4487,-0.601,0.7423,0.29371
10.73,-7.7473,2.6457,5.4052,-0.60416,0.74096,0.28773
10.74,-7.7789,2.6418,5.3615,-0.60729,0.73958,0.28174
10.75,-7.8102,2.6377,5.3178,-0.6104,0.73817,0.27575
10.76,-7.8413,2.6333,5.274,-0.61349,0.73673,0.26975
10.77,-7.8723,2.6286,5.2301,-0.61655,0.73525,0.26375
10.78,-7.9029,2.6236,5.1862,-0.61959,0.73373,0.25774
10.79,-7.9334,2.6183,5.1421,0,0,0
10.8,-7.9637,2.6128,5.098,0,0,0
10.81,-7.9937,2.6069,5.0538,0,0,0
10.82,-8.0235,2.6008,5.0095,0,0,0
10.83,-8.0531,2.5944,4.9651,0,0,0
10.84,-8.0825,2.5877,4.9207,0,0,0
10.85,-8.1116,2.5807,4.8762,0,0,0
10.86,-8.1405,2.5734,4.8317,0,0,0
10.87,-8.1692,2.5658,4.7871,0,0,0
10.88,-8.1977,2.558,4.7424,0,0,0
10.89,-8.226,2.5498,4.6977,0,0,0
10.9,-8.254,2.5414,4.6529,0,0,0
10.91,-8.2818,2.5327,4.6081,0,0,0
10.92,-8.3093,2.5237,4.5632,0,0,0
10.93,-8.3366,2.5144,4.5183,0,0,0
10.94,-8.3637,2.5048,4.4733,0,0,0
10.95,-8.3906,2.4949,4.4283,0,0,0
10.96,-8.4172,2.4847,4.3832,0,0,0
10.97,-8.4436,2.4743,4.3381,0,0,0
10.98,-8.4698,2.4635,4.293,0,0,0
10.99,-8.4957,2.4525,4.2479,0,0,0